"Date","Open","High","Low","Close","Volume","Ticker","Period","Sector","logReturn"
"2022-06-01T05:00:00.000Z",209.83999633789062,214.44000244140625,182.85000610351562,206.58999633789062,6837105,"LII","monthly","CapitalGoods","-0.011119504268038803"
"2022-07-01T05:00:00.000Z",205.8300018310547,240.72000122070312,205.8300018310547,239.52999877929688,7111791,"LII","monthly","CapitalGoods","0.14794252979348457"
"2022-08-01T05:00:00.000Z",238.9199981689453,271.19000244140625,237,240.1199951171875,5850627,"LII","monthly","CapitalGoods","0.002460113178195723"
"2022-09-01T05:00:00.000Z",240,263.69000244140625,218.11500549316406,222.6699981689453,8269859,"LII","monthly","CapitalGoods","-0.07544793145556797"
"2022-10-03T05:00:00.000Z",223.5399932861328,240.25999450683594,202.97000122070312,233.57000732421875,7990821,"LII","monthly","CapitalGoods","0.0477910028138985"
"2022-11-01T05:00:00.000Z",238.42999267578125,275.8500061035156,227.3699951171875,260.42999267578125,6426609,"LII","monthly","CapitalGoods","0.1088522335411778"
"2022-12-01T05:00:00.000Z",266.6700134277344,273.25,235.82000732421875,239.22999572753906,6223565,"LII","monthly","CapitalGoods","-0.08490866853499497"
"2023-01-03T05:00:00.000Z",243.69000244140625,268.8399963378906,232.44000244140625,260.6199951171875,6938894,"LII","monthly","CapitalGoods","0.08563797456811759"
"2023-02-01T05:00:00.000Z",256.489990234375,278.8399963378906,248.4250030517578,254.8300018310547,5105452,"LII","monthly","CapitalGoods","-0.022466725625269048"
"2023-03-01T05:00:00.000Z",253.14999389648438,264.3999938964844,236.50999450683594,251.27999877929688,6792952,"LII","monthly","CapitalGoods","-0.014028812983668018"
"2023-04-03T05:00:00.000Z",250.3300018310547,284.95098876953125,232,281.9100036621094,6884327,"LII","monthly","CapitalGoods","0.1150200336809813"
"2023-05-01T05:00:00.000Z",280.9800109863281,294.7300109863281,271.510009765625,275.510009765625,7075831,"LII","monthly","CapitalGoods","-0.022963923032925937"
"2023-06-01T05:00:00.000Z",275.5799865722656,328.7699890136719,273.8299865722656,326.07000732421875,6557188,"LII","monthly","CapitalGoods","0.16848814368480394"
"2023-07-03T05:00:00.000Z",324.7900085449219,370.2799987792969,314.1099853515625,367.44000244140625,5833029,"LII","monthly","CapitalGoods","0.11944794195659457"
"2023-08-01T05:00:00.000Z",366.6300048828125,382.4049987792969,343.1700134277344,376.80999755859375,5551463,"LII","monthly","CapitalGoods","0.02518102848712998"
"2023-09-01T05:00:00.000Z",377.9599914550781,393.0199890136719,362.7850036621094,374.44000244140625,6277732,"LII","monthly","CapitalGoods","-0.006309492125337856"
"2023-10-02T05:00:00.000Z",374.1300048828125,391.5849914550781,334.5299987792969,370.5400085449219,8812512,"LII","monthly","CapitalGoods","-0.010470158841103699"
"2023-11-01T05:00:00.000Z",372.5199890136719,416.95001220703125,372.010009765625,406.6600036621094,5929138,"LII","monthly","CapitalGoods","0.09301604030493665"
"2023-12-01T05:00:00.000Z",405.6499938964844,451.3500061035156,405.6499938964844,447.5199890136719,4752256,"LII","monthly","CapitalGoods","0.09574374041676222"
"2024-01-02T05:00:00.000Z",442.4599914550781,458.125,422.739990234375,428.1600036621094,6152994,"LII","monthly","CapitalGoods","-0.04422423885135073"
"2024-02-01T05:00:00.000Z",427.8599853515625,474.9800109863281,412.0899963378906,471.2099914550781,5718350,"LII","monthly","CapitalGoods","0.09580687033610927"
"2024-03-01T05:00:00.000Z",470.1199951171875,501.7200012207031,457.5299987792969,488.760009765625,4136603,"LII","monthly","CapitalGoods","0.036567755039679774"
"2024-04-01T05:00:00.000Z",490.8699951171875,499.2699890136719,449.8699951171875,463.4200134277344,6313848,"LII","monthly","CapitalGoods","-0.053237792128826865"
"2024-05-01T05:00:00.000Z",463.8599853515625,513.780029296875,445.625,502.6000061035156,6296477,"LII","monthly","CapitalGoods","0.08116083795347075"
"2024-06-03T05:00:00.000Z",504.55999755859375,553.47998046875,483.4200134277344,534.97998046875,6609436,"LII","monthly","CapitalGoods","0.062434689257918466"
"2024-07-01T05:00:00.000Z",538.2899780273438,594.6500244140625,520.530029296875,583.5,6961591,"LII","monthly","CapitalGoods","0.08681512521531748"
"2024-08-01T05:00:00.000Z",584.3599853515625,593.8599853515625,504.4049987792969,590.1900024414062,4506484,"LII","monthly","CapitalGoods","0.011400071366317818"
"2024-09-03T05:00:00.000Z",589.02001953125,627.0900268554688,542.0750122070312,604.2899780273438,4543893,"LII","monthly","CapitalGoods","0.023609655704401468"
"2024-10-01T05:00:00.000Z",603.0599975585938,627.4600219726562,583.2999877929688,602.5700073242188,5942839,"LII","monthly","CapitalGoods","-0.0028503254536108025"
"2024-11-01T05:00:00.000Z",605.8099975585938,682.2100219726562,596.81201171875,667.1300048828125,3879591,"LII","monthly","CapitalGoods","0.10178108344872798"
"2024-12-02T05:00:00.000Z",670.719970703125,678.22998046875,606.489990234375,609.2999877929688,6333570,"LII","monthly","CapitalGoods","-0.09067419957251571"
"2025-01-02T05:00:00.000Z",614.780029296875,670,590.6699829101562,592.4199829101562,5215918,"LII","monthly","CapitalGoods","-0.028094923271374053"
"2025-02-03T05:00:00.000Z",575,654.02001953125,565.8400268554688,601.0499877929688,4887649,"LII","monthly","CapitalGoods","0.01446229149219533"
"2025-03-03T05:00:00.000Z",600.260009765625,624.989990234375,537.739990234375,560.8300170898438,6479250,"LII","monthly","CapitalGoods","-0.06926024567163329"
"2025-04-01T05:00:00.000Z",557.0499877929688,579.6950073242188,500.1000061035156,546.75,10533061,"LII","monthly","CapitalGoods","-0.02542620021224219"
"2025-05-01T05:00:00.000Z",553.5499877929688,606.0709838867188,549.9000244140625,564.4500122070312,8072472,"LII","monthly","CapitalGoods","0.03186016777709572"
"2025-06-02T05:00:00.000Z",558.3200073242188,573.5999755859375,536.14501953125,573.239990234375,7253299,"LII","monthly","CapitalGoods","0.015452632820057413"
"2025-07-01T05:00:00.000Z",574,689.4400024414062,573.6199951171875,609,8629765,"LII","monthly","CapitalGoods","0.06051380755586659"
"2025-08-01T05:00:00.000Z",609.0700073242188,616.5,553.1300048828125,557.8599853515625,7411784,"LII","monthly","CapitalGoods","-0.08771025912388367"
"2025-09-02T05:00:00.000Z",550,582.2100219726562,510.2300109863281,529.3599853515625,8361497,"LII","monthly","CapitalGoods","-0.05243930655418633"
"2025-10-01T05:00:00.000Z",528.6699829101562,568.97998046875,479.4020080566406,505,12278346,"LII","monthly","CapitalGoods","-0.04711027275646728"
"2025-11-03T05:00:00.000Z",501.6400146484375,501.6400146484375,443.19000244140625,498.8699951171875,8317557,"LII","monthly","CapitalGoods","-0.012212898295172496"
"2025-12-01T05:00:00.000Z",491.3500061035156,525,481.6000061035156,485.5799865722656,9002358,"LII","monthly","CapitalGoods","-0.02700150589750287"
"2026-01-02T05:00:00.000Z",488.17999267578125,539.5700073242188,472,495.0799865722656,10106692,"LII","monthly","CapitalGoods","0.019375313466784175"
"2026-02-02T05:00:00.000Z",492.1099853515625,513.8099975585938,488.1499938964844,508.489990234375,1030584,"LII","monthly","CapitalGoods","0.026726191857244896"
